Designator,Footprint,Quantity,Value,LCSC Part #
,,1,,
BT1,BatteryHolder_Keystone_3002_1x2032,1,Battery_Cell,
"C1, C11, C2, C23",0402,4,1u,C52923
"C10, C17, C18, C27, C28, C9",0402,6,22pF,C1555
"C12, C13, C15, C19, C20, C22, C24, C26, C29, C32, C33, C34, C35, C6, C8",0402,15,100nF,C1525
"C14, C21, C25, C30, C31, C5, C7",0603,7,10uF,C19702
C16,CP_Radial_D12.5mm_P5.00mm,1,1F,
"C3, C36, C4",CP_EIA-3216-18_Kemet-A,3,10u,C7171
D1,0603,1,LED,C72041
"D2, D5",D_SOD-323,2,D_TVS,C460442
"D3, D4",0805,2,LED,C84256
"D6, D7",D_SOD-123,2,D_Small,C81598
F1,0402,1,Fuse,
"FB1, FB2",0805,2,FerriteBead_Small,C1015
FL1,FIL_CM1624,1,CM1624,C605363
"H1, H2, H3, H4, H5, H6, H7, H8",MountingHole_2.2mm_M2_Pad_Via,8,MountingHole,
IC1,SOTFL50P160X60-8N,1,TPS2116DRLR,C3235557
J1,PC-GK21,1,Jack-DC,
J10,JST_XH_B2B-XH-A_1x02_P2.50mm_Vertical,1,Conn_01x02,
J11,PinHeader_1x04_P2.54mm_Vertical,1,JTAG,
"J12, J7",JST_XH_B4B-XH-A_1x04_P2.50mm_Vertical,2,Conn_01x04,
J2,"TerminalBlock_Phoenix_MPT-0,5-2-2.54_1x02_P2.54mm_Horizontal",1,Screw_Terminal_01x02,
J3,JST_XH_S3B-XH-A-1_1x03_P2.50mm_Horizontal,1,Conn_01x03,
J4,JST_XH_S8B-XH-A-1_1x08_P2.50mm_Horizontal,1,Conn_01x08,
J5,GCT_USB4145-03-0230-C_REVA2,1,USB4145-03-0230-C_REVA2,
J6,GCT_MEM2051-00-195-00-A_REVD1,1,SD_Card,
J8,JST_XH_B5B-XH-A_1x05_P2.50mm_Vertical,1,Conn_01x05,
J9,JST_XH_S5B-XH-A-1_1x05_P2.50mm_Horizontal,1,Conn_01x05,
"JP1, JP2, JP3, JP6, JP7",SolderJumper-2_P1.3mm_Open_TrianglePad1.0x1.5mm,5,SolderJumper_2_Open,
JP4,SolderJumper-3_P1.3mm_Bridged12_RoundedPad1.0x1.5mm,1,SolderJumper_3_Bridged12,
JP5,SolderJumper-2_P1.3mm_Bridged_RoundedPad1.0x1.5mm,1,SolderJumper_2_Bridged,
L1,0805,1,100ohm,C1015
"Q2, Q3, Q4, Q5, Q6",SOT-23,5,NMOS,C8545
Q7,SOT-23,1,PMOS,C15127
"R1, R101, R19, R37, R38, R4, R42, R44, R5, R51, R70, R72, R83, R98",0402,14,10k,
"R10, R102, R103, R104, R106, R11, R12, R13, R14, R16, R17, R18, R22, R23, R24, R25, R26, R27, R28, R29, R30, R32, R34, R35, R36, R39, R40, R41, R43, R47, R48, R49, R53, R54, R56, R58, R67, R68, R69, R7, R71, R75, R77, R78, R8, R85, R86, R87, R88, R89, R9, R90, R91, R92, R93, R94, R95, R96, R97",0402,59,0 Ohm,C21189
"R100, R2",0402,2,2k,
"R105, R3",0402,2,1k,
"R15, R33, R45, R46, R50, R52, R55, R59, R60, R61, R62, R63, R64, R65, R66, R73, R74, R76, R79, R80, R81, R82, R84",0402,23,DNM,C21189
"R20, R21, R99",0402,3,5.1k,
R31,0402,1,22,C25092
R57,0805,1,680k 1%,C17797
R6,0402,1,220,
"SW1, SW2",SW_SPST_TL3342,2,SW_Push,C318884
"TP1, TP2, TP3",TestPoint_THTPad_D1.0mm_Drill0.5mm,3,TestPoint,
U1,SOT-223-3_TabPin2,1,AMS1117-3.3,C6186
U2,ESP32-S3-WROOM-1,1,ESP32-S3-WROOM-1-N8R8,
U3,SOIC-8_3.9x4.9mm_P1.27mm,1,M24C64-RMN6TP,https://jlcpcb.com/partdetail/Stmicroelectronics-M24C64RMN6TP/C79988
U4,USON-10_2.5x1.0mm_P0.5mm,1,RCLAMP0524P-N,C316044
U5,SOIC-8_3.9x4.9mm_P1.27mm,1,PCF8563T,C7440
U6,Texas_PWSON-N6,1,HDC1080,
U7,QFN50P300X300X80-17N,1,MAX98357AETE+T,C910544
U8,Lite-On_LTR-303ALS-01,1,LTR-303ALS-01,
"Y1, Y2",Crystal_SMD_MicroCrystal_CC7V-T1A-2Pin_3.2x1.5mm,2,32.768kHz,C32346
